--
-- PostgreSQL database dump
--

-- Dumped from database version 17.2
-- Dumped by pg_dump version 17.2

SET statement_timeout = 0;
SET lock_timeout = 0;
SET idle_in_transaction_session_timeout = 0;
SET transaction_timeout = 0;
SET client_encoding = 'UTF8';
SET standard_conforming_strings = on;
SELECT pg_catalog.set_config('search_path', '', false);
SET check_function_bodies = false;
SET xmloption = content;
SET client_min_messages = warning;
SET row_security = off;

SET default_tablespace = '';

SET default_table_access_method = heap;

--
-- Name: auth_group; Type: TABLE; Schema: public; Owner: shronal
--

CREATE TABLE public.auth_group (
    id integer NOT NULL,
    name character varying(150) NOT NULL
);


ALTER TABLE public.auth_group OWNER TO shronal;

--
-- Name: auth_group_id_seq; Type: SEQUENCE; Schema: public; Owner: shronal
--

ALTER TABLE public.auth_group ALTER COLUMN id ADD GENERATED BY DEFAULT AS IDENTITY (
    SEQUENCE NAME public.auth_group_id_seq
    START WITH 1
    INCREMENT BY 1
    NO MINVALUE
    NO MAXVALUE
    CACHE 1
);


--
-- Name: auth_group_permissions; Type: TABLE; Schema: public; Owner: shronal
--

CREATE TABLE public.auth_group_permissions (
    id bigint NOT NULL,
    group_id integer NOT NULL,
    permission_id integer NOT NULL
);


ALTER TABLE public.auth_group_permissions OWNER TO shronal;

--
-- Name: auth_group_permissions_id_seq; Type: SEQUENCE; Schema: public; Owner: shronal
--

ALTER TABLE public.auth_group_permissions ALTER COLUMN id ADD GENERATED BY DEFAULT AS IDENTITY (
    SEQUENCE NAME public.auth_group_permissions_id_seq
    START WITH 1
    INCREMENT BY 1
    NO MINVALUE
    NO MAXVALUE
    CACHE 1
);


--
-- Name: auth_permission; Type: TABLE; Schema: public; Owner: shronal
--

CREATE TABLE public.auth_permission (
    id integer NOT NULL,
    name character varying(255) NOT NULL,
    content_type_id integer NOT NULL,
    codename character varying(100) NOT NULL
);


ALTER TABLE public.auth_permission OWNER TO shronal;

--
-- Name: auth_permission_id_seq; Type: SEQUENCE; Schema: public; Owner: shronal
--

ALTER TABLE public.auth_permission ALTER COLUMN id ADD GENERATED BY DEFAULT AS IDENTITY (
    SEQUENCE NAME public.auth_permission_id_seq
    START WITH 1
    INCREMENT BY 1
    NO MINVALUE
    NO MAXVALUE
    CACHE 1
);


--
-- Name: auth_user; Type: TABLE; Schema: public; Owner: shronal
--

CREATE TABLE public.auth_user (
    id integer NOT NULL,
    password character varying(128) NOT NULL,
    last_login timestamp with time zone,
    is_superuser boolean NOT NULL,
    username character varying(150) NOT NULL,
    first_name character varying(150) NOT NULL,
    last_name character varying(150) NOT NULL,
    email character varying(254) NOT NULL,
    is_staff boolean NOT NULL,
    is_active boolean NOT NULL,
    date_joined timestamp with time zone NOT NULL
);


ALTER TABLE public.auth_user OWNER TO shronal;

--
-- Name: auth_user_groups; Type: TABLE; Schema: public; Owner: shronal
--

CREATE TABLE public.auth_user_groups (
    id bigint NOT NULL,
    user_id integer NOT NULL,
    group_id integer NOT NULL
);


ALTER TABLE public.auth_user_groups OWNER TO shronal;

--
-- Name: auth_user_groups_id_seq; Type: SEQUENCE; Schema: public; Owner: shronal
--

ALTER TABLE public.auth_user_groups ALTER COLUMN id ADD GENERATED BY DEFAULT AS IDENTITY (
    SEQUENCE NAME public.auth_user_groups_id_seq
    START WITH 1
    INCREMENT BY 1
    NO MINVALUE
    NO MAXVALUE
    CACHE 1
);


--
-- Name: auth_user_id_seq; Type: SEQUENCE; Schema: public; Owner: shronal
--

ALTER TABLE public.auth_user ALTER COLUMN id ADD GENERATED BY DEFAULT AS IDENTITY (
    SEQUENCE NAME public.auth_user_id_seq
    START WITH 1
    INCREMENT BY 1
    NO MINVALUE
    NO MAXVALUE
    CACHE 1
);


--
-- Name: auth_user_user_permissions; Type: TABLE; Schema: public; Owner: shronal
--

CREATE TABLE public.auth_user_user_permissions (
    id bigint NOT NULL,
    user_id integer NOT NULL,
    permission_id integer NOT NULL
);


ALTER TABLE public.auth_user_user_permissions OWNER TO shronal;

--
-- Name: auth_user_user_permissions_id_seq; Type: SEQUENCE; Schema: public; Owner: shronal
--

ALTER TABLE public.auth_user_user_permissions ALTER COLUMN id ADD GENERATED BY DEFAULT AS IDENTITY (
    SEQUENCE NAME public.auth_user_user_permissions_id_seq
    START WITH 1
    INCREMENT BY 1
    NO MINVALUE
    NO MAXVALUE
    CACHE 1
);


--
-- Name: django_admin_log; Type: TABLE; Schema: public; Owner: shronal
--

CREATE TABLE public.django_admin_log (
    id integer NOT NULL,
    action_time timestamp with time zone NOT NULL,
    object_id text,
    object_repr character varying(200) NOT NULL,
    action_flag smallint NOT NULL,
    change_message text NOT NULL,
    content_type_id integer,
    user_id integer NOT NULL,
    CONSTRAINT django_admin_log_action_flag_check CHECK ((action_flag >= 0))
);


ALTER TABLE public.django_admin_log OWNER TO shronal;

--
-- Name: django_admin_log_id_seq; Type: SEQUENCE; Schema: public; Owner: shronal
--

ALTER TABLE public.django_admin_log ALTER COLUMN id ADD GENERATED BY DEFAULT AS IDENTITY (
    SEQUENCE NAME public.django_admin_log_id_seq
    START WITH 1
    INCREMENT BY 1
    NO MINVALUE
    NO MAXVALUE
    CACHE 1
);


--
-- Name: django_content_type; Type: TABLE; Schema: public; Owner: shronal
--

CREATE TABLE public.django_content_type (
    id integer NOT NULL,
    app_label character varying(100) NOT NULL,
    model character varying(100) NOT NULL
);


ALTER TABLE public.django_content_type OWNER TO shronal;

--
-- Name: django_content_type_id_seq; Type: SEQUENCE; Schema: public; Owner: shronal
--

ALTER TABLE public.django_content_type ALTER COLUMN id ADD GENERATED BY DEFAULT AS IDENTITY (
    SEQUENCE NAME public.django_content_type_id_seq
    START WITH 1
    INCREMENT BY 1
    NO MINVALUE
    NO MAXVALUE
    CACHE 1
);


--
-- Name: django_migrations; Type: TABLE; Schema: public; Owner: shronal
--

CREATE TABLE public.django_migrations (
    id bigint NOT NULL,
    app character varying(255) NOT NULL,
    name character varying(255) NOT NULL,
    applied timestamp with time zone NOT NULL
);


ALTER TABLE public.django_migrations OWNER TO shronal;

--
-- Name: django_migrations_id_seq; Type: SEQUENCE; Schema: public; Owner: shronal
--

ALTER TABLE public.django_migrations ALTER COLUMN id ADD GENERATED BY DEFAULT AS IDENTITY (
    SEQUENCE NAME public.django_migrations_id_seq
    START WITH 1
    INCREMENT BY 1
    NO MINVALUE
    NO MAXVALUE
    CACHE 1
);


--
-- Name: django_session; Type: TABLE; Schema: public; Owner: shronal
--

CREATE TABLE public.django_session (
    session_key character varying(40) NOT NULL,
    session_data text NOT NULL,
    expire_date timestamp with time zone NOT NULL
);


ALTER TABLE public.django_session OWNER TO shronal;

--
-- Name: home_contact; Type: TABLE; Schema: public; Owner: shronal
--

CREATE TABLE public.home_contact (
    id bigint NOT NULL,
    "desc" text NOT NULL,
    email character varying(254),
    fname character varying(100),
    lname character varying(100)
);


ALTER TABLE public.home_contact OWNER TO shronal;

--
-- Name: home_contact_id_seq; Type: SEQUENCE; Schema: public; Owner: shronal
--

ALTER TABLE public.home_contact ALTER COLUMN id ADD GENERATED BY DEFAULT AS IDENTITY (
    SEQUENCE NAME public.home_contact_id_seq
    START WITH 1
    INCREMENT BY 1
    NO MINVALUE
    NO MAXVALUE
    CACHE 1
);


--
-- Name: home_founditem; Type: TABLE; Schema: public; Owner: shronal
--

CREATE TABLE public.home_founditem (
    id bigint NOT NULL,
    name character varying(100) NOT NULL,
    email character varying(254) NOT NULL,
    phone character varying(15) NOT NULL,
    item_name character varying(100) NOT NULL,
    item_type character varying(50) NOT NULL,
    color character varying(50) NOT NULL,
    brand character varying(50) NOT NULL,
    date_found date NOT NULL,
    location_found character varying(100) NOT NULL,
    details text NOT NULL,
    photo character varying(100) NOT NULL
);


ALTER TABLE public.home_founditem OWNER TO shronal;

--
-- Name: home_founditem_id_seq; Type: SEQUENCE; Schema: public; Owner: shronal
--

ALTER TABLE public.home_founditem ALTER COLUMN id ADD GENERATED BY DEFAULT AS IDENTITY (
    SEQUENCE NAME public.home_founditem_id_seq
    START WITH 1
    INCREMENT BY 1
    NO MINVALUE
    NO MAXVALUE
    CACHE 1
);


--
-- Name: home_lostitem; Type: TABLE; Schema: public; Owner: shronal
--

CREATE TABLE public.home_lostitem (
    id bigint NOT NULL,
    name character varying(100) NOT NULL,
    email character varying(254) NOT NULL,
    phone character varying(15) NOT NULL,
    item_name character varying(100) NOT NULL,
    item_type character varying(50) NOT NULL,
    color character varying(50) NOT NULL,
    brand character varying(50) NOT NULL,
    date_lost date NOT NULL,
    location_lost character varying(100) NOT NULL,
    details text NOT NULL,
    photo character varying(100) NOT NULL
);


ALTER TABLE public.home_lostitem OWNER TO shronal;

--
-- Name: home_lostitem_id_seq; Type: SEQUENCE; Schema: public; Owner: shronal
--

ALTER TABLE public.home_lostitem ALTER COLUMN id ADD GENERATED BY DEFAULT AS IDENTITY (
    SEQUENCE NAME public.home_lostitem_id_seq
    START WITH 1
    INCREMENT BY 1
    NO MINVALUE
    NO MAXVALUE
    CACHE 1
);


--
-- Name: home_userprofile; Type: TABLE; Schema: public; Owner: shronal
--

CREATE TABLE public.home_userprofile (
    id bigint NOT NULL,
    profile_pic character varying(100) NOT NULL,
    user_id integer NOT NULL
);


ALTER TABLE public.home_userprofile OWNER TO shronal;

--
-- Name: home_userprofile_id_seq; Type: SEQUENCE; Schema: public; Owner: shronal
--

ALTER TABLE public.home_userprofile ALTER COLUMN id ADD GENERATED BY DEFAULT AS IDENTITY (
    SEQUENCE NAME public.home_userprofile_id_seq
    START WITH 1
    INCREMENT BY 1
    NO MINVALUE
    NO MAXVALUE
    CACHE 1
);


--
-- Data for Name: auth_group; Type: TABLE DATA; Schema: public; Owner: shronal
--

COPY public.auth_group (id, name) FROM stdin;
\.


--
-- Data for Name: auth_group_permissions; Type: TABLE DATA; Schema: public; Owner: shronal
--

COPY public.auth_group_permissions (id, group_id, permission_id) FROM stdin;
\.


--
-- Data for Name: auth_permission; Type: TABLE DATA; Schema: public; Owner: shronal
--

COPY public.auth_permission (id, name, content_type_id, codename) FROM stdin;
1	Can add contact	1	add_contact
2	Can change contact	1	change_contact
3	Can delete contact	1	delete_contact
4	Can view contact	1	view_contact
5	Can add lost item	2	add_lostitem
6	Can change lost item	2	change_lostitem
7	Can delete lost item	2	delete_lostitem
8	Can view lost item	2	view_lostitem
9	Can add user profile	3	add_userprofile
10	Can change user profile	3	change_userprofile
11	Can delete user profile	3	delete_userprofile
12	Can view user profile	3	view_userprofile
13	Can add found item	4	add_founditem
14	Can change found item	4	change_founditem
15	Can delete found item	4	delete_founditem
16	Can view found item	4	view_founditem
17	Can add log entry	5	add_logentry
18	Can change log entry	5	change_logentry
19	Can delete log entry	5	delete_logentry
20	Can view log entry	5	view_logentry
21	Can add permission	6	add_permission
22	Can change permission	6	change_permission
23	Can delete permission	6	delete_permission
24	Can view permission	6	view_permission
25	Can add group	7	add_group
26	Can change group	7	change_group
27	Can delete group	7	delete_group
28	Can view group	7	view_group
29	Can add user	8	add_user
30	Can change user	8	change_user
31	Can delete user	8	delete_user
32	Can view user	8	view_user
33	Can add content type	9	add_contenttype
34	Can change content type	9	change_contenttype
35	Can delete content type	9	delete_contenttype
36	Can view content type	9	view_contenttype
37	Can add session	10	add_session
38	Can change session	10	change_session
39	Can delete session	10	delete_session
40	Can view session	10	view_session
\.


--
-- Data for Name: auth_user; Type: TABLE DATA; Schema: public; Owner: shronal
--

COPY public.auth_user (id, password, last_login, is_superuser, username, first_name, last_name, email, is_staff, is_active, date_joined) FROM stdin;
2	pbkdf2_sha256$870000$1YbZnXQyTyT60GFXOQHvDs$eyh5gUKUBX45cta8EShdUxTLNZmv68k5TOEY1uwy6Hs=	\N	f	subekshya	Subekshya	N/A	subekshyakarki085@gmail.com	f	t	2025-01-09 11:28:28.835952+05:45
3	pbkdf2_sha256$870000$6fyJmU5L1yc8kkwTUBMzg7$uJFo77BSRbk017NqKz9DxzMl/0vUT+oR06NKGUyX0mM=	2025-01-09 11:53:03.035002+05:45	f	sonal	don	N/A	ershronal999@gmail.com	f	t	2025-01-09 11:31:43.935201+05:45
1	pbkdf2_sha256$870000$EPIxPoX68hYTzcM3DJ0lOv$hU0nc4sFH0r40Nci18zW2Ew6qyUaBbucCYJZ/bk5XVE=	2025-01-09 11:58:43.559064+05:45	f	shronal	Shronal	Duwal	shronalduwal999@gmail.com	f	t	2025-01-08 22:19:12.098554+05:45
4	pbkdf2_sha256$870000$Xr8xBjpazxYsuYoMPKxIfQ$d2JdKqQsSg6aXf4ydP9kswwc8p0IeGlEe2JUdBFCKIE=	2025-01-23 23:02:21.67152+05:45	t	shron			shronalduwal999@gmail.com	t	t	2025-01-09 12:00:30.348896+05:45
\.


--
-- Data for Name: auth_user_groups; Type: TABLE DATA; Schema: public; Owner: shronal
--

COPY public.auth_user_groups (id, user_id, group_id) FROM stdin;
\.


--
-- Data for Name: auth_user_user_permissions; Type: TABLE DATA; Schema: public; Owner: shronal
--

COPY public.auth_user_user_permissions (id, user_id, permission_id) FROM stdin;
\.


--
-- Data for Name: django_admin_log; Type: TABLE DATA; Schema: public; Owner: shronal
--

COPY public.django_admin_log (id, action_time, object_id, object_repr, action_flag, change_message, content_type_id, user_id) FROM stdin;
\.


--
-- Data for Name: django_content_type; Type: TABLE DATA; Schema: public; Owner: shronal
--

COPY public.django_content_type (id, app_label, model) FROM stdin;
1	home	contact
2	home	lostitem
3	home	userprofile
4	home	founditem
5	admin	logentry
6	auth	permission
7	auth	group
8	auth	user
9	contenttypes	contenttype
10	sessions	session
\.


--
-- Data for Name: django_migrations; Type: TABLE DATA; Schema: public; Owner: shronal
--

COPY public.django_migrations (id, app, name, applied) FROM stdin;
1	contenttypes	0001_initial	2025-01-08 22:17:54.805169+05:45
2	auth	0001_initial	2025-01-08 22:17:54.877066+05:45
3	admin	0001_initial	2025-01-08 22:17:54.898952+05:45
4	admin	0002_logentry_remove_auto_add	2025-01-08 22:17:54.903952+05:45
5	admin	0003_logentry_add_action_flag_choices	2025-01-08 22:17:54.909177+05:45
6	contenttypes	0002_remove_content_type_name	2025-01-08 22:17:54.921979+05:45
7	auth	0002_alter_permission_name_max_length	2025-01-08 22:17:54.928987+05:45
8	auth	0003_alter_user_email_max_length	2025-01-08 22:17:54.934983+05:45
9	auth	0004_alter_user_username_opts	2025-01-08 22:17:54.941983+05:45
10	auth	0005_alter_user_last_login_null	2025-01-08 22:17:54.948734+05:45
11	auth	0006_require_contenttypes_0002	2025-01-08 22:17:54.950733+05:45
12	auth	0007_alter_validators_add_error_messages	2025-01-08 22:17:54.955734+05:45
13	auth	0008_alter_user_username_max_length	2025-01-08 22:17:54.966748+05:45
14	auth	0009_alter_user_last_name_max_length	2025-01-08 22:17:54.972747+05:45
15	auth	0010_alter_group_name_max_length	2025-01-08 22:17:54.979749+05:45
16	auth	0011_update_proxy_permissions	2025-01-08 22:17:54.985191+05:45
17	auth	0012_alter_user_first_name_max_length	2025-01-08 22:17:54.990265+05:45
18	home	0001_initial	2025-01-08 22:17:54.997234+05:45
19	home	0002_lostitem	2025-01-08 22:17:55.004232+05:45
20	home	0003_userprofile	2025-01-08 22:17:55.017318+05:45
21	home	0004_founditem	2025-01-08 22:17:55.023418+05:45
22	home	0005_delete_founditem	2025-01-08 22:17:55.026374+05:45
23	home	0006_remove_contact_phone_contact_email_contact_fname_and_more	2025-01-08 22:17:55.041374+05:45
24	home	0007_founditem	2025-01-08 22:17:55.049374+05:45
25	sessions	0001_initial	2025-01-08 22:17:55.056624+05:45
\.


--
-- Data for Name: django_session; Type: TABLE DATA; Schema: public; Owner: shronal
--

COPY public.django_session (session_key, session_data, expire_date) FROM stdin;
wcdi0h75ly3cy4qrpnux5n8g3jwz6udg	.eJxVjEEOwiAQRe_C2hBogTou3XsGMsOAVA0kpV0Z7y5NutDte-__t_C4rdlvLS5-ZnERWpx-GWF4xrILfmC5VxlqWZeZ5J7IwzZ5qxxf16P9O8jYcl9PbAaTRhgwKQAmmKxCgpEAonOpQ22DPY-9IReCIY1sdFLKamZNID5f3GE32A:1tVlYa:3hpF6_RWgBNUi0rFY7qYQpOgmoiAcgcIb4O_JyUs1dw	2025-01-23 11:43:12.183743+05:45
l41e5b82eph9m7dfrqiyshvrs2bfbybl	.eJxVjEEOwiAQRe_C2hBogTou3XsGMsOAVA0kpV0Z7y5NutDte-__t_C4rdlvLS5-ZnERWpx-GWF4xrILfmC5VxlqWZeZ5J7IwzZ5qxxf16P9O8jYcl9PbAaTRhgwKQAmmKxCgpEAonOpQ22DPY-9IReCIY1sdFLKamZNID5f3GE32A:1tVlib:LNxp6g_pn4z0DWxC4_dvQB_nbH-eGGrLOasykSc1164	2025-01-23 11:53:33.256653+05:45
rdd4kxuy8wcubi6fetwv685rcsbpjquz	.eJxVjMEOwiAQRP-FsyGWstD16L3f0LDsVqoGktKejP-uJD3ocea9mZeawr6laa-yTguri7Lq9NtRiA_JDfA95FvRseRtXUg3RR-06rGwPK-H-3eQQk3fNWA0MHtj-tgRmk7QiRvo7AFMYDboohAgDTwHthZ7L1aoZcsI5NT7A9xVOCU:1tVlrt:eNbvVelZuzr0uNsoeyEAxSseBaohNmCGR9rALx_ssMw	2025-01-23 12:03:09.523985+05:45
1fktlkherpij4juzej8vfzvx0spmmszx	.eJxVjMEOwiAQRP-FsyGWstD16L3f0LDsVqoGktKejP-uJD3ocea9mZeawr6laa-yTguri7Lq9NtRiA_JDfA95FvRseRtXUg3RR-06rGwPK-H-3eQQk3fNWA0MHtj-tgRmk7QiRvo7AFMYDboohAgDTwHthZ7L1aoZcsI5NT7A9xVOCU:1tb0pV:5L7WW1lzL8yKqrQ5jBgnZ_SLSPK_ou53YFSXKuAY2F4	2025-02-06 23:02:21.692609+05:45
\.


--
-- Data for Name: home_contact; Type: TABLE DATA; Schema: public; Owner: shronal
--

COPY public.home_contact (id, "desc", email, fname, lname) FROM stdin;
\.


--
-- Data for Name: home_founditem; Type: TABLE DATA; Schema: public; Owner: shronal
--

COPY public.home_founditem (id, name, email, phone, item_name, item_type, color, brand, date_found, location_found, details, photo) FROM stdin;
\.


--
-- Data for Name: home_lostitem; Type: TABLE DATA; Schema: public; Owner: shronal
--

COPY public.home_lostitem (id, name, email, phone, item_name, item_type, color, brand, date_lost, location_lost, details, photo) FROM stdin;
1	Shronal	shronalduwal999@gmail.com	9861287028	iPhone	Electronics	Cream	Apple	2025-01-08	Library	iPhone 11 with the wallpaper of bike	lost_items/3_ef502c0a-465c-4c94-a9e0-acd25c460a37.webp
2	Shronal	shronalduwal999@gmail.com	9861287028	iPhone	Electronics	Cream	Apple	2025-01-08	Library	iPhone 11 with the wallpaper of bike	lost_items/iphone11.jpg
3	Aarav	aarav123@gmail.com	9841234567	Laptop	Electronics	Silver	Dell	2025-01-05	Cafeteria	Dell XPS 13 with a black case	lost_items/dell_xps13.jpg
5	Riya	riya567@gmail.com	9812345678	Watch	Accessories	Black	Fossil	2025-01-06	Gym	Fossil smartwatch with a scratched strap	lost_items/fossil_watch.jpg
6	Kiran	kiran999@gmail.com	9856781234	Bag	Accessories	Blue	Nike	2025-01-04	Library	Nike backpack containing books and a water bottle	lost_items/nike_bag.jpg
7	Meera	meera123@gmail.com	9845678901	Headphones	Electronics	White	Sony	2025-01-03	Park	Sony WH-1000XM4 with noise cancellation	lost_items/sony_headphones.jpg
9	Anjali	anjali789@gmail.com	9865432109	Book	Stationery	Red	Penguin	2025-01-01	Classroom	The Great Gatsby with a torn cover	lost_items/gatsby_book.jpg
10	Vishal	vishal123@gmail.com	9823456789	Umbrella	Accessories	Green	Samsonite	2025-01-09	Train Station	Compact green umbrella with a broken handle	lost_items/umbrella.jpg
11	Nisha	nisha456@gmail.com	9810987654	Power Bank	Electronics	Black	Anker	2025-01-10	Cafeteria	Anker power bank with a red cable attached	lost_items/power_bank.jpg
4	Prisha	prisha123@gmail.com	9807654321	Wallet	Accessories	Brown	Gucci	2025-01-07	Bus Station	Leather wallet with ID cards and cash	lost_items/wallet.jpeg
8	Rohan	rohan456@gmail.com	9801234567	Sunglasses	Accessories	Black	Ray-Ban	2025-01-02	Mall	Ray-Ban aviators with a scratched lens	lost_items/rayban_sunglasses.jpg
\.


--
-- Data for Name: home_userprofile; Type: TABLE DATA; Schema: public; Owner: shronal
--

COPY public.home_userprofile (id, profile_pic, user_id) FROM stdin;
2	default.png	2
3	default.png	3
1	profile_pics/image.png	1
4	default.png	4
\.


--
-- Name: auth_group_id_seq; Type: SEQUENCE SET; Schema: public; Owner: shronal
--

SELECT pg_catalog.setval('public.auth_group_id_seq', 1, false);


--
-- Name: auth_group_permissions_id_seq; Type: SEQUENCE SET; Schema: public; Owner: shronal
--

SELECT pg_catalog.setval('public.auth_group_permissions_id_seq', 1, false);


--
-- Name: auth_permission_id_seq; Type: SEQUENCE SET; Schema: public; Owner: shronal
--

SELECT pg_catalog.setval('public.auth_permission_id_seq', 40, true);


--
-- Name: auth_user_groups_id_seq; Type: SEQUENCE SET; Schema: public; Owner: shronal
--

SELECT pg_catalog.setval('public.auth_user_groups_id_seq', 1, false);


--
-- Name: auth_user_id_seq; Type: SEQUENCE SET; Schema: public; Owner: shronal
--

SELECT pg_catalog.setval('public.auth_user_id_seq', 4, true);


--
-- Name: auth_user_user_permissions_id_seq; Type: SEQUENCE SET; Schema: public; Owner: shronal
--

SELECT pg_catalog.setval('public.auth_user_user_permissions_id_seq', 1, false);


--
-- Name: django_admin_log_id_seq; Type: SEQUENCE SET; Schema: public; Owner: shronal
--

SELECT pg_catalog.setval('public.django_admin_log_id_seq', 1, false);


--
-- Name: django_content_type_id_seq; Type: SEQUENCE SET; Schema: public; Owner: shronal
--

SELECT pg_catalog.setval('public.django_content_type_id_seq', 10, true);


--
-- Name: django_migrations_id_seq; Type: SEQUENCE SET; Schema: public; Owner: shronal
--

SELECT pg_catalog.setval('public.django_migrations_id_seq', 25, true);


--
-- Name: home_contact_id_seq; Type: SEQUENCE SET; Schema: public; Owner: shronal
--

SELECT pg_catalog.setval('public.home_contact_id_seq', 1, false);


--
-- Name: home_founditem_id_seq; Type: SEQUENCE SET; Schema: public; Owner: shronal
--

SELECT pg_catalog.setval('public.home_founditem_id_seq', 1, false);


--
-- Name: home_lostitem_id_seq; Type: SEQUENCE SET; Schema: public; Owner: shronal
--

SELECT pg_catalog.setval('public.home_lostitem_id_seq', 11, true);


--
-- Name: home_userprofile_id_seq; Type: SEQUENCE SET; Schema: public; Owner: shronal
--

SELECT pg_catalog.setval('public.home_userprofile_id_seq', 4, true);


--
-- Name: auth_group auth_group_name_key; Type: CONSTRAINT; Schema: public; Owner: shronal
--

ALTER TABLE ONLY public.auth_group
    ADD CONSTRAINT auth_group_name_key UNIQUE (name);


--
-- Name: auth_group_permissions auth_group_permissions_group_id_permission_id_0cd325b0_uniq; Type: CONSTRAINT; Schema: public; Owner: shronal
--

ALTER TABLE ONLY public.auth_group_permissions
    ADD CONSTRAINT auth_group_permissions_group_id_permission_id_0cd325b0_uniq UNIQUE (group_id, permission_id);


--
-- Name: auth_group_permissions auth_group_permissions_pkey; Type: CONSTRAINT; Schema: public; Owner: shronal
--

ALTER TABLE ONLY public.auth_group_permissions
    ADD CONSTRAINT auth_group_permissions_pkey PRIMARY KEY (id);


--
-- Name: auth_group auth_group_pkey; Type: CONSTRAINT; Schema: public; Owner: shronal
--

ALTER TABLE ONLY public.auth_group
    ADD CONSTRAINT auth_group_pkey PRIMARY KEY (id);


--
-- Name: auth_permission auth_permission_content_type_id_codename_01ab375a_uniq; Type: CONSTRAINT; Schema: public; Owner: shronal
--

ALTER TABLE ONLY public.auth_permission
    ADD CONSTRAINT auth_permission_content_type_id_codename_01ab375a_uniq UNIQUE (content_type_id, codename);


--
-- Name: auth_permission auth_permission_pkey; Type: CONSTRAINT; Schema: public; Owner: shronal
--

ALTER TABLE ONLY public.auth_permission
    ADD CONSTRAINT auth_permission_pkey PRIMARY KEY (id);


--
-- Name: auth_user_groups auth_user_groups_pkey; Type: CONSTRAINT; Schema: public; Owner: shronal
--

ALTER TABLE ONLY public.auth_user_groups
    ADD CONSTRAINT auth_user_groups_pkey PRIMARY KEY (id);


--
-- Name: auth_user_groups auth_user_groups_user_id_group_id_94350c0c_uniq; Type: CONSTRAINT; Schema: public; Owner: shronal
--

ALTER TABLE ONLY public.auth_user_groups
    ADD CONSTRAINT auth_user_groups_user_id_group_id_94350c0c_uniq UNIQUE (user_id, group_id);


--
-- Name: auth_user auth_user_pkey; Type: CONSTRAINT; Schema: public; Owner: shronal
--

ALTER TABLE ONLY public.auth_user
    ADD CONSTRAINT auth_user_pkey PRIMARY KEY (id);


--
-- Name: auth_user_user_permissions auth_user_user_permissions_pkey; Type: CONSTRAINT; Schema: public; Owner: shronal
--

ALTER TABLE ONLY public.auth_user_user_permissions
    ADD CONSTRAINT auth_user_user_permissions_pkey PRIMARY KEY (id);


--
-- Name: auth_user_user_permissions auth_user_user_permissions_user_id_permission_id_14a6b632_uniq; Type: CONSTRAINT; Schema: public; Owner: shronal
--

ALTER TABLE ONLY public.auth_user_user_permissions
    ADD CONSTRAINT auth_user_user_permissions_user_id_permission_id_14a6b632_uniq UNIQUE (user_id, permission_id);


--
-- Name: auth_user auth_user_username_key; Type: CONSTRAINT; Schema: public; Owner: shronal
--

ALTER TABLE ONLY public.auth_user
    ADD CONSTRAINT auth_user_username_key UNIQUE (username);


--
-- Name: django_admin_log django_admin_log_pkey; Type: CONSTRAINT; Schema: public; Owner: shronal
--

ALTER TABLE ONLY public.django_admin_log
    ADD CONSTRAINT django_admin_log_pkey PRIMARY KEY (id);


--
-- Name: django_content_type django_content_type_app_label_model_76bd3d3b_uniq; Type: CONSTRAINT; Schema: public; Owner: shronal
--

ALTER TABLE ONLY public.django_content_type
    ADD CONSTRAINT django_content_type_app_label_model_76bd3d3b_uniq UNIQUE (app_label, model);


--
-- Name: django_content_type django_content_type_pkey; Type: CONSTRAINT; Schema: public; Owner: shronal
--

ALTER TABLE ONLY public.django_content_type
    ADD CONSTRAINT django_content_type_pkey PRIMARY KEY (id);


--
-- Name: django_migrations django_migrations_pkey; Type: CONSTRAINT; Schema: public; Owner: shronal
--

ALTER TABLE ONLY public.django_migrations
    ADD CONSTRAINT django_migrations_pkey PRIMARY KEY (id);


--
-- Name: django_session django_session_pkey; Type: CONSTRAINT; Schema: public; Owner: shronal
--

ALTER TABLE ONLY public.django_session
    ADD CONSTRAINT django_session_pkey PRIMARY KEY (session_key);


--
-- Name: home_contact home_contact_pkey; Type: CONSTRAINT; Schema: public; Owner: shronal
--

ALTER TABLE ONLY public.home_contact
    ADD CONSTRAINT home_contact_pkey PRIMARY KEY (id);


--
-- Name: home_founditem home_founditem_pkey; Type: CONSTRAINT; Schema: public; Owner: shronal
--

ALTER TABLE ONLY public.home_founditem
    ADD CONSTRAINT home_founditem_pkey PRIMARY KEY (id);


--
-- Name: home_lostitem home_lostitem_pkey; Type: CONSTRAINT; Schema: public; Owner: shronal
--

ALTER TABLE ONLY public.home_lostitem
    ADD CONSTRAINT home_lostitem_pkey PRIMARY KEY (id);


--
-- Name: home_userprofile home_userprofile_pkey; Type: CONSTRAINT; Schema: public; Owner: shronal
--

ALTER TABLE ONLY public.home_userprofile
    ADD CONSTRAINT home_userprofile_pkey PRIMARY KEY (id);


--
-- Name: home_userprofile home_userprofile_user_id_key; Type: CONSTRAINT; Schema: public; Owner: shronal
--

ALTER TABLE ONLY public.home_userprofile
    ADD CONSTRAINT home_userprofile_user_id_key UNIQUE (user_id);


--
-- Name: auth_group_name_a6ea08ec_like; Type: INDEX; Schema: public; Owner: shronal
--

CREATE INDEX auth_group_name_a6ea08ec_like ON public.auth_group USING btree (name varchar_pattern_ops);


--
-- Name: auth_group_permissions_group_id_b120cbf9; Type: INDEX; Schema: public; Owner: shronal
--

CREATE INDEX auth_group_permissions_group_id_b120cbf9 ON public.auth_group_permissions USING btree (group_id);


--
-- Name: auth_group_permissions_permission_id_84c5c92e; Type: INDEX; Schema: public; Owner: shronal
--

CREATE INDEX auth_group_permissions_permission_id_84c5c92e ON public.auth_group_permissions USING btree (permission_id);


--
-- Name: auth_permission_content_type_id_2f476e4b; Type: INDEX; Schema: public; Owner: shronal
--

CREATE INDEX auth_permission_content_type_id_2f476e4b ON public.auth_permission USING btree (content_type_id);


--
-- Name: auth_user_groups_group_id_97559544; Type: INDEX; Schema: public; Owner: shronal
--

CREATE INDEX auth_user_groups_group_id_97559544 ON public.auth_user_groups USING btree (group_id);


--
-- Name: auth_user_groups_user_id_6a12ed8b; Type: INDEX; Schema: public; Owner: shronal
--

CREATE INDEX auth_user_groups_user_id_6a12ed8b ON public.auth_user_groups USING btree (user_id);


--
-- Name: auth_user_user_permissions_permission_id_1fbb5f2c; Type: INDEX; Schema: public; Owner: shronal
--

CREATE INDEX auth_user_user_permissions_permission_id_1fbb5f2c ON public.auth_user_user_permissions USING btree (permission_id);


--
-- Name: auth_user_user_permissions_user_id_a95ead1b; Type: INDEX; Schema: public; Owner: shronal
--

CREATE INDEX auth_user_user_permissions_user_id_a95ead1b ON public.auth_user_user_permissions USING btree (user_id);


--
-- Name: auth_user_username_6821ab7c_like; Type: INDEX; Schema: public; Owner: shronal
--

CREATE INDEX auth_user_username_6821ab7c_like ON public.auth_user USING btree (username varchar_pattern_ops);


--
-- Name: django_admin_log_content_type_id_c4bce8eb; Type: INDEX; Schema: public; Owner: shronal
--

CREATE INDEX django_admin_log_content_type_id_c4bce8eb ON public.django_admin_log USING btree (content_type_id);


--
-- Name: django_admin_log_user_id_c564eba6; Type: INDEX; Schema: public; Owner: shronal
--

CREATE INDEX django_admin_log_user_id_c564eba6 ON public.django_admin_log USING btree (user_id);


--
-- Name: django_session_expire_date_a5c62663; Type: INDEX; Schema: public; Owner: shronal
--

CREATE INDEX django_session_expire_date_a5c62663 ON public.django_session USING btree (expire_date);


--
-- Name: django_session_session_key_c0390e0f_like; Type: INDEX; Schema: public; Owner: shronal
--

CREATE INDEX django_session_session_key_c0390e0f_like ON public.django_session USING btree (session_key varchar_pattern_ops);


--
-- Name: auth_group_permissions auth_group_permissio_permission_id_84c5c92e_fk_auth_perm; Type: FK CONSTRAINT; Schema: public; Owner: shronal
--

ALTER TABLE ONLY public.auth_group_permissions
    ADD CONSTRAINT auth_group_permissio_permission_id_84c5c92e_fk_auth_perm FOREIGN KEY (permission_id) REFERENCES public.auth_permission(id) DEFERRABLE INITIALLY DEFERRED;


--
-- Name: auth_group_permissions auth_group_permissions_group_id_b120cbf9_fk_auth_group_id; Type: FK CONSTRAINT; Schema: public; Owner: shronal
--

ALTER TABLE ONLY public.auth_group_permissions
    ADD CONSTRAINT auth_group_permissions_group_id_b120cbf9_fk_auth_group_id FOREIGN KEY (group_id) REFERENCES public.auth_group(id) DEFERRABLE INITIALLY DEFERRED;


--
-- Name: auth_permission auth_permission_content_type_id_2f476e4b_fk_django_co; Type: FK CONSTRAINT; Schema: public; Owner: shronal
--

ALTER TABLE ONLY public.auth_permission
    ADD CONSTRAINT auth_permission_content_type_id_2f476e4b_fk_django_co FOREIGN KEY (content_type_id) REFERENCES public.django_content_type(id) DEFERRABLE INITIALLY DEFERRED;


--
-- Name: auth_user_groups auth_user_groups_group_id_97559544_fk_auth_group_id; Type: FK CONSTRAINT; Schema: public; Owner: shronal
--

ALTER TABLE ONLY public.auth_user_groups
    ADD CONSTRAINT auth_user_groups_group_id_97559544_fk_auth_group_id FOREIGN KEY (group_id) REFERENCES public.auth_group(id) DEFERRABLE INITIALLY DEFERRED;


--
-- Name: auth_user_groups auth_user_groups_user_id_6a12ed8b_fk_auth_user_id; Type: FK CONSTRAINT; Schema: public; Owner: shronal
--

ALTER TABLE ONLY public.auth_user_groups
    ADD CONSTRAINT auth_user_groups_user_id_6a12ed8b_fk_auth_user_id FOREIGN KEY (user_id) REFERENCES public.auth_user(id) DEFERRABLE INITIALLY DEFERRED;


--
-- Name: auth_user_user_permissions auth_user_user_permi_permission_id_1fbb5f2c_fk_auth_perm; Type: FK CONSTRAINT; Schema: public; Owner: shronal
--

ALTER TABLE ONLY public.auth_user_user_permissions
    ADD CONSTRAINT auth_user_user_permi_permission_id_1fbb5f2c_fk_auth_perm FOREIGN KEY (permission_id) REFERENCES public.auth_permission(id) DEFERRABLE INITIALLY DEFERRED;


--
-- Name: auth_user_user_permissions auth_user_user_permissions_user_id_a95ead1b_fk_auth_user_id; Type: FK CONSTRAINT; Schema: public; Owner: shronal
--

ALTER TABLE ONLY public.auth_user_user_permissions
    ADD CONSTRAINT auth_user_user_permissions_user_id_a95ead1b_fk_auth_user_id FOREIGN KEY (user_id) REFERENCES public.auth_user(id) DEFERRABLE INITIALLY DEFERRED;


--
-- Name: django_admin_log django_admin_log_content_type_id_c4bce8eb_fk_django_co; Type: FK CONSTRAINT; Schema: public; Owner: shronal
--

ALTER TABLE ONLY public.django_admin_log
    ADD CONSTRAINT django_admin_log_content_type_id_c4bce8eb_fk_django_co FOREIGN KEY (content_type_id) REFERENCES public.django_content_type(id) DEFERRABLE INITIALLY DEFERRED;


--
-- Name: django_admin_log django_admin_log_user_id_c564eba6_fk_auth_user_id; Type: FK CONSTRAINT; Schema: public; Owner: shronal
--

ALTER TABLE ONLY public.django_admin_log
    ADD CONSTRAINT django_admin_log_user_id_c564eba6_fk_auth_user_id FOREIGN KEY (user_id) REFERENCES public.auth_user(id) DEFERRABLE INITIALLY DEFERRED;


--
-- Name: home_userprofile home_userprofile_user_id_d1f7b466_fk_auth_user_id; Type: FK CONSTRAINT; Schema: public; Owner: shronal
--

ALTER TABLE ONLY public.home_userprofile
    ADD CONSTRAINT home_userprofile_user_id_d1f7b466_fk_auth_user_id FOREIGN KEY (user_id) REFERENCES public.auth_user(id) DEFERRABLE INITIALLY DEFERRED;


--
-- Name: SCHEMA public; Type: ACL; Schema: -; Owner: pg_database_owner
--

GRANT ALL ON SCHEMA public TO shronal;


--
-- Name: DEFAULT PRIVILEGES FOR TABLES; Type: DEFAULT ACL; Schema: public; Owner: postgres
--

ALTER DEFAULT PRIVILEGES FOR ROLE postgres IN SCHEMA public GRANT ALL ON TABLES TO shronal;


--
-- PostgreSQL database dump complete
--

